[{"title":"california dreaming－－the mamas&papas","imagesrc":"/images/california dreaming.jpg","songsrc":"/audio/The Mamas & The Papas-California Dreaming.mp3","text":"不知道从什么时候开始，在每个东西上面都有一个日子，秋刀鱼会过期，肉罐头会过期，连保鲜纸都会过期，我开始怀疑，在这个世界上，还有什么东西是不会过期的？——《重庆森林》 也许我们每个人心中都有一个加州梦，一个到不了的地方，一个爱不到的人。","lyric":"All the leaves are brown／And the sky is grey／I’ve been for a walk／On a winter’s day／I’d be safe and warm／If I was in L.A.／California dreaming／On such a winter’s day／Stopped into a church／I passed along the way／Well I got down on my knees／And I pretend to pray／You know the preacher likes the cold／He knows I’m gonna stay／California dreaming／On such a winter’s day／All the leaves are brown／And the sky is grey／I’ve been for a walk／On a winter’s day／If I didn’t tell her／I could leave today／California dreaming／On such a winter’s day／California dreaming／On such a winter’s day／California dreaming／On such a winter’s day"},{"title":"七楼－－陈粒","imagesrc":"/images/七楼.jpg","songsrc":"/audio/陈粒-七楼.mp3","text":"最可怕的不是能力不够，而是沉溺于不切实际的空想和贪图醉生梦死的享受。为了逃避空虚而做的挣扎最后只会被更大的空虚吞没。无处诉所这种痛。","lyric":"让我尝一口叫瞎想的毒酒／让我迷恋徒有其表的干吼／让我一声不吭在无言里担忧／被诅咒太内疚／让我喝一杯叫空想的毒酒／让我沉醉不切实际的引诱／让我不能自拔在春梦里温柔／被庇佑永不朽／然后再一丝不苟求救／看透只是逢场作秀／以后每个忘时夜昼／怀着歉疚算旧怨新仇／让我干一杯叫臆想的毒酒／让我耽溺早有预谋的邂逅／让我一败涂地在美景里扮丑／被拱手再奢求／让我舔一滴叫妄想的毒酒／让我贪婪醉生梦死的七楼／让我不顾一切让我能好受／被享受会好受／然后再忐忑不安念头／看透没谁能够感同身受／以后若心有不甘逗留／难说有天我说走就走／让我舔一滴叫做妄想的毒酒／让我贪婪醉生梦死的七楼／让我不顾一切让我能好受／被享受会好受"},{"title":"不着地－－王力宏","imagesrc":"/images/不着地.jpg","songsrc":"/audio/王力宏-不着地.mp3","text":"王力宏的早期歌曲。充满活力，风格也很明显，果然是年轻。","lyric":"有一些感觉无法说明 但也不该喊停／我们之间的爱要升级 需要新的刺激／哪怕机会只有万分之一 我们已互相吸引／换方式再继续 换语气说爱你／不着地 地心失去引力／不着地 我心早已飞向你／因为你是天地的中心／不可思议的偏爱你／不着地 在月球低空飞行／有一些快乐无法说明 太微妙的感应／我们之间的爱要升级 需要新的主题／爱情的魔法呼了一口气 我们已经更靠近／换方式再继续 换语气说爱你／不着地 地心失去引力／不着地 我心早已飞向你／因为你是天地的中心 不可思议的偏爱你／不着地 在月球低空飞行／还有太多的可能性／却有太多的不确定／如果这是一个梦境 我不要醒／我爱你永远都不够 Here we go／不着地 地心失去引力／不着地 我心早已飞向你／因为你是天地的中心 不可思议的偏爱你／不着地 我们永远不会降落 No／不着地 地心失去引力／不着地 我心早已飞向你／因为你是天地的中心 不可思议的偏爱你／不着地 我们永远不会降落"},{"title":"他不懂－－张杰","imagesrc":"/images/他不懂.jpg","songsrc":"/audio/张杰-他不懂.mp3","text":"虽然他有很多争议，但是歌声的优越是不可被磨灭的。他不懂，独自唱着，唱出男人的辛酸，女人的泪。一切付出也多是泡影。","lyric":"他留给你是背影／关于爱情只字不提 害你哭红了眼睛／他把谎言说的竟然那么动听／他不止一次骗了你 不值得你再为他伤心／他不懂你的心假装冷静 他不懂爱情把它当游戏／他不懂表明相爱这件事 除了对不起就只剩叹息／他不懂你的心为何哭泣 窒息到快要不能呼吸 喔喔～／他不懂你的心 他把回忆留给你／连同忧伤强加给你 对你说来不公平／他的谎言句句说的那么动听／他不止一次骗了你 不值得你再为他伤心／他不懂你的心假装冷静 他不懂爱情把它当游戏／他不懂表明相爱这件事 除了对不起就只剩叹息／他不懂你的心为何哭泣 窒息到快要不能呼吸／喔喔～ 他不懂你的心"},{"title":"浪人情歌－－伍佰","imagesrc":"/images/浪人情歌.jpg","songsrc":"/audio/伍佰-浪人情歌.mp3","text":"越听越苦的一首歌。曲调不是低沉，却勾人伤心事，结合词意，更是如此。张宇live版也是好听。","lyric":"不要再想你／不要再爱你／让时间悄悄的飞逝／抹去我俩的回忆／对于你的名字 从今不会再提起／不再让悲伤 将我心占据／让它随风去 让它无痕迹／所有快乐悲伤所有过去通通都抛去／心中想的念的盼的望的不会再是你／不愿再承受 要把你忘记／我会擦去我不小心滴下的泪水／还会装做一切都无所谓／将你和我的爱情全部敲碎／再将它通通赶出我受伤的心扉／让它随风去 让它无痕迹／所有快乐悲伤所有过去通通都抛去／心中想的念的盼的望的不会再是你／不愿再承受 要把你忘记／我会擦去我不小心滴下的泪水／还会装做一切都无所谓／将你和我的爱情全部敲碎／再将它通通赶出我受伤的心扉／让它随风去 让它无痕迹／所有快乐悲伤所有过去通通都抛去／心中想的念的盼的望的不会再是你／不愿再承受 要把你忘记／不愿再承受 我把你忘记／你会看见的 把你忘记／我想到了一个忘记温柔的你的方法／我不要再想你 不要再爱你／不会再提起你／我的生命中 不曾有你"},{"title":"历历万乡－－陈粒","imagesrc":"/images/历历万乡.jpg","songsrc":"/audio/陈粒-历历万乡.mp3","text":"有的人辗转流离，只为找到一处安身。有的人辗转流离，只是不安囿于一地。于是迎来送往，于是萍水相逢。","lyric":"她住在七月的洪流上／天台倾倒理想一万丈／她午睡在北风仓皇途经的芦苇荡／她梦中的草原白茫茫／列车搭上悲欢去辗转／她尝遍了每个异乡限时赠送的糖／若我站在朝阳上 能否脱去昨日的惆怅／单薄语言能否传达我所有的牵挂／若有天我不复勇往 能否坚持走完这一场／踏遍万水千山总有一地故乡／城市慷慨亮整夜光／如同少年不惧岁月长／她想要的不多只是和别人的不一样／烛光倒影为我添茶／相逢太短不等茶水凉／你扔下的习惯还顽强活在我身上／若我站在朝阳上 能否脱去昨日的惆怅／单薄语言能否传达我所有的牵挂／若有天我不复勇往 能否坚持走完这一场／踏遍万水千山总有一地故乡／若我站在朝阳上 能否脱去昨日的惆怅／单薄语言能否传达我所有的牵挂／若有天我不复勇往 能否坚持走完这一场／踏遍万水千山总有一地故乡／她走在马蹄的余声中／夕阳燃烧离别多少场／她向陌生人们解说陌生人的风光／等她归来坐下对我讲／故人旧时容颜未沧桑／我们仍旧想要当初想要的不一样"},{"title":"奇妙能力歌－－陈粒","imagesrc":"/images/奇妙能力歌.jpg","songsrc":"/audio/陈粒-奇妙能力歌.mp3","text":"这首民谣是让人惊艳，安静的小调配着说服人的歌词，真的是会沉浸其中，不囿于俗套的恋爱系歌词，冷静的唱腔，都是吸引人的地方。","lyric":"我看过沙漠下暴雨／看过大海亲吻鲨鱼／看过黄昏追逐黎明／没看过你／我知道美丽会老去／生命之外还有生命／我知道风里有诗句／不知道你／我听过荒芜变成热闹／听过尘埃掩埋城堡／听过天空拒绝飞鸟／没听过你／我明白眼前都是气泡／安静的才是苦口良药／明白什么才让我骄傲／不明白你／我拒绝更好更圆的月亮／拒绝未知的疯狂／拒绝声色的张扬／不拒绝你／我变成荒凉的景象／变成无所谓的模样／变成透明的高墙／没能变成你／我听过空境的回忆／雨水浇绿孤山岭／听过被诅咒的秘密／没听过你／我抓住散落的欲望／缱绻的馥郁让我紧张／我抓住时间的假想／没抓住你／我包容六月清泉结冰／包容暮老的生命／包容世界的迟疑／没包容你／我忘了置身濒绝孤岛／忘了眼泪不过是笑料／忘了百年无声口号／没能忘记你／我想要更好更圆的月亮／想要未知的疯狂／想要声色的张扬／我想要你"},{"title":"寂寞难耐－－李宗盛","imagesrc":"/images/寂寞难耐.jpg","songsrc":"/audio/李宗盛-寂寞难耐.mp3","text":"这是李宗盛早期的歌曲，一个小男人的故事，自嘲诙谐，能够缓和一下脆弱的内心。","lyric":"总是平白无故的．难过起来／然而大夥都在 笑话正是精彩／怎麽好意思．一个人走开／不是没有想过．随便谈个恋爱／一天又过一天．三十岁就快来／往後的日子怎麽对自己交待／寂寞难耐 寂寞难耐／爱情是最辛苦的等待／爱情是最遥远的未来／时光不再啊．时光不再／只有自己为自己喝彩／只有自己为自己悲哀／虽然曾经有过很多感情的债／对於未来的爱还是非常期待／这一次我的心情不高不低不好不坏／寂寞难耐 寂寞难耐／爱情是最辛苦的等待／爱情是最遥远的未来／时光不再啊．时光不再／只有自己为自己喝彩／只有自己为自己悲哀"},{"title":"序曲：天地孤影任我行－－陈勋奇","imagesrc":"/images/序曲：天地孤影任我行.jpg","songsrc":"/audio/陈勋奇-序曲：天地孤影任我行.mp3","text":"以前我认为那句话很重要，因为我觉得有些话说出来就是一生一世，现在想一想，说不说也没有什么分别，有些事会变的。我一直以为是我自己赢了，直到有一天看着镜子，才知道自己输了，在我最美好的时候，我最喜欢的人都不在我身边。如果能重新开始那该多好啊！——《东邪西毒》","lyric":"纯音乐"},{"title":"过不去－－张惠妹","imagesrc":"/images/过不去.jpg","songsrc":"/audio/张惠妹-过不去.mp3","text":"时间流逝，有什么会过不去呢？就是当时的人与事，过不去。阿妹的伤情歌，直戳心坎。","lyric":"觉得过不去了／而泪水比什么都还重／掉得那么地刺耳／深夜围困了所有／最想的都是不能的／不能对你说／不能让你痛／不能度过／分明故事不是只有我／是我撑着／也许被当作想得太多／不多 不够／所以这时候对你还有疑惑／你在做什么／你在想什么／其实表面还好／到底谁不能赤裸裸／反倒希望你识破／以为保留是宽容／当你不懂就好刺痛／痛到想发疯／痛到更沉默／然后~没有然后／非要找答案又笼罩我／想过放过／你总会让我重头来过／只有我懂／这之中的我已经变了／变得做更多／变得想更多／觉得过不去了／而泪水比什么都还重／掉得那么地刺耳"},{"title":"忘记他－－关淑怡","imagesrc":"/images/忘记他.jpg","songsrc":"/audio/关淑怡-忘记他.mp3","text":"如果忘记一个人太难，就不要勉强。毕竟忘记他可能就忘记了一切。带着他一起去迎接新的生活。","lyric":"忘记他／等于忘掉了一切／等于将方和向抛掉／遗失了自己／忘记他／等于忘掉了欢喜／等于将心灵也锁住／同苦痛一起／从来只有他／可以令我欣赏自己／更能让我去用爱／将一切平凡事／变得美丽／忘记他／怎么忘记得起／铭心刻骨来永久记住／从此永无尽期／BA......／忘记他／等于忘掉了欢喜／等于将心灵也锁住／同苦痛一起／从来只有他／可以令我欣赏自己／更能让我去用爱／将一切平凡事／变得美丽／忘记他／怎么忘记得起／铭心刻骨来永久记住／从此永无尽期"},{"title":"模仿大象的步骤－－诶姆","imagesrc":"/images/模仿大象的步骤.jpg","songsrc":"/audio/诶姆-模仿大象的步骤.mp3","text":"这首歌虽然是小清新的风格，却不是说爱情。一个经历了死亡洗礼的人更会注重生命与陪伴。在Hi歌上听到后就喜欢了，常石磊选择了这首歌，并且翻唱了，让这首歌更加具有流行的音乐元素。悄悄忍悄悄痛没人懂，悄悄取悦大众 多么心酸又真实。","lyric":"双手摆十字／直立放胸口／好吧超人现在又要打怪兽／一手捏鼻子／一手要伸直／oh no baby你模仿大象太丑／慢慢走慢慢想多稳重／慢慢走过寒冬／慢慢说自己还很长寿／可是自己却无法去阻止alone／悄悄痛悄悄忍没人懂／悄悄取悦大众／悄悄讲自己会很成功／他们都为之拍手／再摆超人手／表情要很凶／世界就这样等着你去拯救／再变大象手／笑到齿露口／别以为露个牙就是猛犸兽／慢慢走慢慢想多稳重／慢慢走过寒冬／慢慢说自己还很长寿／可是自己却无法去阻止alone／悄悄痛悄悄忍没人懂／悄悄取悦大众／悄悄讲自己会很成功／他们都为之拍手／慢慢走别太急着升空／一步一步就够／慢慢去学会善良憨厚／世界塌下还有它能勇敢坚守／悄悄地为了梦想承受／悄悄为爱感动／不管你觉得可爱与否／从来不为之争斗"},{"title":"红色高跟鞋－－蔡健雅","imagesrc":"/images/红色高跟鞋.jpg","songsrc":"/audio/蔡健雅-红色高跟鞋.mp3","text":"其实情歌不是只是伤悲的，也有美好的。快节奏，柔美的曲调，都是吸引人的。","lyric":"该怎么去形容你最贴切／拿什么跟你作比较才算特别／对你的感觉 强烈／却又不太了解 只凭直觉／你像窝在被子里的舒服／却又像风 捉摸不住／像手腕上散发的香水味／像爱不释手的 红色高跟鞋／该怎么去形容你最贴切／拿什么跟你作比较才算特别／对你的感觉 强烈／却又不太了解 只凭直觉／你像窝在被子里的舒服／却又像风 捉摸不住／像手腕上散发的香水味／像爱不释手的 红色高跟鞋／你像窝在被子里的舒服／却又像风 捉摸不住／像手腕上散发的香水味／像爱不释手的／我爱你有种左灯右行的冲突／疯狂却怕没有退路／你能否让我停止这种追逐／就这么双 最后唯一的 红色高跟鞋"},{"title":"花样年华－－梁朝伟","imagesrc":"/images/花样年华.jpg","songsrc":"/audio/梁朝伟-花样年华.mp3","text":"如果我有一张船票，你会和我走吗？——《花样年华》","lyric":"渴望一个笑容／期待一阵春风／你就刚刚好经过／突然眼神交错／目光炽热闪烁／狂乱越难掌握／我像是着了魔／你欣然承受／别奢望闪躲／怕是谁的背影叫人难受／让我狠狠想你／让我笑你无情／连一场欲望都舍不得回避／让我狠狠想你／让这一刻暂停／都怪这花样年华太刺激／渴望一个笑容／期待一阵春风／你就刚刚好经过／突然眼神交错／目光炽热闪烁／狂乱越难掌握／我像是着了魔／你欣然承受／别奢望闪躲／怕是谁的背影叫人难受／让我狠狠想你／让我笑你无情／连一场欲望都舍不得回避／让我狠狠想你／让这一刻暂停／都怪这花样年华太美丽"}]